"TypeNames","FormatViewDefinition"
"System.Collections.Generic.List`1[System.String]","System.Collections.Generic.List`1[System.Management.Automation.FormatViewDefinition]"
"System.Collections.Generic.List`1[System.String]","System.Collections.Generic.List`1[System.Management.Automation.FormatViewDefinition]"
"System.Collections.Generic.List`1[System.String]","System.Collections.Generic.List`1[System.Management.Automation.FormatViewDefinition]"
"System.Collections.Generic.List`1[System.String]","System.Collections.Generic.List`1[System.Management.Automation.FormatViewDefinition]"
"System.Collections.Generic.List`1[System.String]","System.Collections.Generic.List`1[System.Management.Automation.FormatViewDefinition]"
"System.Collections.Generic.List`1[System.String]","System.Collections.Generic.List`1[System.Management.Automation.FormatViewDefinition]"
"System.Collections.Generic.List`1[System.String]","System.Collections.Generic.List`1[System.Management.Automation.FormatViewDefinition]"
"System.Collections.Generic.List`1[System.String]","System.Collections.Generic.List`1[System.Management.Automation.FormatViewDefinition]"
"System.Collections.Generic.List`1[System.String]","System.Collections.Generic.List`1[System.Management.Automation.FormatViewDefinition]"
"System.Collections.Generic.List`1[System.String]","System.Collections.Generic.List`1[System.Management.Automation.FormatViewDefinition]"
"System.Collections.Generic.List`1[System.String]","System.Collections.Generic.List`1[System.Management.Automation.FormatViewDefinition]"
"System.Collections.Generic.List`1[System.String]","System.Collections.Generic.List`1[System.Management.Automation.FormatViewDefinition]"
"System.Collections.Generic.List`1[System.String]","System.Collections.Generic.List`1[System.Management.Automation.FormatViewDefinition]"
"System.Collections.Generic.List`1[System.String]","System.Collections.Generic.List`1[System.Management.Automation.FormatViewDefinition]"
"System.Collections.Generic.List`1[System.String]","System.Collections.Generic.List`1[System.Management.Automation.FormatViewDefinition]"
"System.Collections.Generic.List`1[System.String]","System.Collections.Generic.List`1[System.Management.Automation.FormatViewDefinition]"
"System.Collections.Generic.List`1[System.String]","System.Collections.Generic.List`1[System.Management.Automation.FormatViewDefinition]"
"System.Collections.Generic.List`1[System.String]","System.Collections.Generic.List`1[System.Management.Automation.FormatViewDefinition]"
"System.Collections.Generic.List`1[System.String]","System.Collections.Generic.List`1[System.Management.Automation.FormatViewDefinition]"
"System.Collections.Generic.List`1[System.String]","System.Collections.Generic.List`1[System.Management.Automation.FormatViewDefinition]"
"System.Collections.Generic.List`1[System.String]","System.Collections.Generic.List`1[System.Management.Automation.FormatViewDefinition]"
"System.Collections.Generic.List`1[System.String]","System.Collections.Generic.List`1[System.Management.Automation.FormatViewDefinition]"
"System.Collections.Generic.List`1[System.String]","System.Collections.Generic.List`1[System.Management.Automation.FormatViewDefinition]"
"System.Collections.Generic.List`1[System.String]","System.Collections.Generic.List`1[System.Management.Automation.FormatViewDefinition]"
"System.Collections.Generic.List`1[System.String]","System.Collections.Generic.List`1[System.Management.Automation.FormatViewDefinition]"
"System.Collections.Generic.List`1[System.String]","System.Collections.Generic.List`1[System.Management.Automation.FormatViewDefinition]"
"System.Collections.Generic.List`1[System.String]","System.Collections.Generic.List`1[System.Management.Automation.FormatViewDefinition]"
"System.Collections.Generic.List`1[System.String]","System.Collections.Generic.List`1[System.Management.Automation.FormatViewDefinition]"
"System.Collections.Generic.List`1[System.String]","System.Collections.Generic.List`1[System.Management.Automation.FormatViewDefinition]"
"System.Collections.Generic.List`1[System.String]","System.Collections.Generic.List`1[System.Management.Automation.FormatViewDefinition]"
"System.Collections.Generic.List`1[System.String]","System.Collections.Generic.List`1[System.Management.Automation.FormatViewDefinition]"
"System.Collections.Generic.List`1[System.String]","System.Collections.Generic.List`1[System.Management.Automation.FormatViewDefinition]"
"System.Collections.Generic.List`1[System.String]","System.Collections.Generic.List`1[System.Management.Automation.FormatViewDefinition]"
"System.Collections.Generic.List`1[System.String]","System.Collections.Generic.List`1[System.Management.Automation.FormatViewDefinition]"
"System.Collections.Generic.List`1[System.String]","System.Collections.Generic.List`1[System.Management.Automation.FormatViewDefinition]"
"System.Collections.Generic.List`1[System.String]","System.Collections.Generic.List`1[System.Management.Automation.FormatViewDefinition]"
"System.Collections.Generic.List`1[System.String]","System.Collections.Generic.List`1[System.Management.Automation.FormatViewDefinition]"
"System.Collections.Generic.List`1[System.String]","System.Collections.Generic.List`1[System.Management.Automation.FormatViewDefinition]"
"System.Collections.Generic.List`1[System.String]","System.Collections.Generic.List`1[System.Management.Automation.FormatViewDefinition]"
"System.Collections.Generic.List`1[System.String]","System.Collections.Generic.List`1[System.Management.Automation.FormatViewDefinition]"
"System.Collections.Generic.List`1[System.String]","System.Collections.Generic.List`1[System.Management.Automation.FormatViewDefinition]"
"System.Collections.Generic.List`1[System.String]","System.Collections.Generic.List`1[System.Management.Automation.FormatViewDefinition]"
"System.Collections.Generic.List`1[System.String]","System.Collections.Generic.List`1[System.Management.Automation.FormatViewDefinition]"
"System.Collections.Generic.List`1[System.String]","System.Collections.Generic.List`1[System.Management.Automation.FormatViewDefinition]"
"System.Collections.Generic.List`1[System.String]","System.Collections.Generic.List`1[System.Management.Automation.FormatViewDefinition]"
"System.Collections.Generic.List`1[System.String]","System.Collections.Generic.List`1[System.Management.Automation.FormatViewDefinition]"
"System.Collections.Generic.List`1[System.String]","System.Collections.Generic.List`1[System.Management.Automation.FormatViewDefinition]"
"System.Collections.Generic.List`1[System.String]","System.Collections.Generic.List`1[System.Management.Automation.FormatViewDefinition]"
"System.Collections.Generic.List`1[System.String]","System.Collections.Generic.List`1[System.Management.Automation.FormatViewDefinition]"
"System.Collections.Generic.List`1[System.String]","System.Collections.Generic.List`1[System.Management.Automation.FormatViewDefinition]"
"System.Collections.Generic.List`1[System.String]","System.Collections.Generic.List`1[System.Management.Automation.FormatViewDefinition]"
"System.Collections.Generic.List`1[System.String]","System.Collections.Generic.List`1[System.Management.Automation.FormatViewDefinition]"
"System.Collections.Generic.List`1[System.String]","System.Collections.Generic.List`1[System.Management.Automation.FormatViewDefinition]"
"System.Collections.Generic.List`1[System.String]","System.Collections.Generic.List`1[System.Management.Automation.FormatViewDefinition]"
"System.Collections.Generic.List`1[System.String]","System.Collections.Generic.List`1[System.Management.Automation.FormatViewDefinition]"
"System.Collections.Generic.List`1[System.String]","System.Collections.Generic.List`1[System.Management.Automation.FormatViewDefinition]"
"System.Collections.Generic.List`1[System.String]","System.Collections.Generic.List`1[System.Management.Automation.FormatViewDefinition]"
"System.Collections.Generic.List`1[System.String]","System.Collections.Generic.List`1[System.Management.Automation.FormatViewDefinition]"
"System.Collections.Generic.List`1[System.String]","System.Collections.Generic.List`1[System.Management.Automation.FormatViewDefinition]"
"System.Collections.Generic.List`1[System.String]","System.Collections.Generic.List`1[System.Management.Automation.FormatViewDefinition]"
"System.Collections.Generic.List`1[System.String]","System.Collections.Generic.List`1[System.Management.Automation.FormatViewDefinition]"
"System.Collections.Generic.List`1[System.String]","System.Collections.Generic.List`1[System.Management.Automation.FormatViewDefinition]"
"System.Collections.Generic.List`1[System.String]","System.Collections.Generic.List`1[System.Management.Automation.FormatViewDefinition]"
"System.Collections.Generic.List`1[System.String]","System.Collections.Generic.List`1[System.Management.Automation.FormatViewDefinition]"
"System.Collections.Generic.List`1[System.String]","System.Collections.Generic.List`1[System.Management.Automation.FormatViewDefinition]"
"System.Collections.Generic.List`1[System.String]","System.Collections.Generic.List`1[System.Management.Automation.FormatViewDefinition]"
"System.Collections.Generic.List`1[System.String]","System.Collections.Generic.List`1[System.Management.Automation.FormatViewDefinition]"
"System.Collections.Generic.List`1[System.String]","System.Collections.Generic.List`1[System.Management.Automation.FormatViewDefinition]"
"System.Collections.Generic.List`1[System.String]","System.Collections.Generic.List`1[System.Management.Automation.FormatViewDefinition]"
"System.Collections.Generic.List`1[System.String]","System.Collections.Generic.List`1[System.Management.Automation.FormatViewDefinition]"
"System.Collections.Generic.List`1[System.String]","System.Collections.Generic.List`1[System.Management.Automation.FormatViewDefinition]"
"System.Collections.Generic.List`1[System.String]","System.Collections.Generic.List`1[System.Management.Automation.FormatViewDefinition]"
"System.Collections.Generic.List`1[System.String]","System.Collections.Generic.List`1[System.Management.Automation.FormatViewDefinition]"
"System.Collections.Generic.List`1[System.String]","System.Collections.Generic.List`1[System.Management.Automation.FormatViewDefinition]"
"System.Collections.Generic.List`1[System.String]","System.Collections.Generic.List`1[System.Management.Automation.FormatViewDefinition]"
"System.Collections.Generic.List`1[System.String]","System.Collections.Generic.List`1[System.Management.Automation.FormatViewDefinition]"
"System.Collections.Generic.List`1[System.String]","System.Collections.Generic.List`1[System.Management.Automation.FormatViewDefinition]"
"System.Collections.Generic.List`1[System.String]","System.Collections.Generic.List`1[System.Management.Automation.FormatViewDefinition]"
"System.Collections.Generic.List`1[System.String]","System.Collections.Generic.List`1[System.Management.Automation.FormatViewDefinition]"
"System.Collections.Generic.List`1[System.String]","System.Collections.Generic.List`1[System.Management.Automation.FormatViewDefinition]"
"System.Collections.Generic.List`1[System.String]","System.Collections.Generic.List`1[System.Management.Automation.FormatViewDefinition]"
"System.Collections.Generic.List`1[System.String]","System.Collections.Generic.List`1[System.Management.Automation.FormatViewDefinition]"
"System.Collections.Generic.List`1[System.String]","System.Collections.Generic.List`1[System.Management.Automation.FormatViewDefinition]"
"System.Collections.Generic.List`1[System.String]","System.Collections.Generic.List`1[System.Management.Automation.FormatViewDefinition]"
"System.Collections.Generic.List`1[System.String]","System.Collections.Generic.List`1[System.Management.Automation.FormatViewDefinition]"
"System.Collections.Generic.List`1[System.String]","System.Collections.Generic.List`1[System.Management.Automation.FormatViewDefinition]"
"System.Collections.Generic.List`1[System.String]","System.Collections.Generic.List`1[System.Management.Automation.FormatViewDefinition]"
"System.Collections.Generic.List`1[System.String]","System.Collections.Generic.List`1[System.Management.Automation.FormatViewDefinition]"
"System.Collections.Generic.List`1[System.String]","System.Collections.Generic.List`1[System.Management.Automation.FormatViewDefinition]"
"System.Collections.Generic.List`1[System.String]","System.Collections.Generic.List`1[System.Management.Automation.FormatViewDefinition]"
"System.Collections.Generic.List`1[System.String]","System.Collections.Generic.List`1[System.Management.Automation.FormatViewDefinition]"
"System.Collections.Generic.List`1[System.String]","System.Collections.Generic.List`1[System.Management.Automation.FormatViewDefinition]"
"System.Collections.Generic.List`1[System.String]","System.Collections.Generic.List`1[System.Management.Automation.FormatViewDefinition]"
"System.Collections.Generic.List`1[System.String]","System.Collections.Generic.List`1[System.Management.Automation.FormatViewDefinition]"
"System.Collections.Generic.List`1[System.String]","System.Collections.Generic.List`1[System.Management.Automation.FormatViewDefinition]"
"System.Collections.Generic.List`1[System.String]","System.Collections.Generic.List`1[System.Management.Automation.FormatViewDefinition]"
"System.Collections.Generic.List`1[System.String]","System.Collections.Generic.List`1[System.Management.Automation.FormatViewDefinition]"
"System.Collections.Generic.List`1[System.String]","System.Collections.Generic.List`1[System.Management.Automation.FormatViewDefinition]"
"System.Collections.Generic.List`1[System.String]","System.Collections.Generic.List`1[System.Management.Automation.FormatViewDefinition]"
"System.Collections.Generic.List`1[System.String]","System.Collections.Generic.List`1[System.Management.Automation.FormatViewDefinition]"
"System.Collections.Generic.List`1[System.String]","System.Collections.Generic.List`1[System.Management.Automation.FormatViewDefinition]"
"System.Collections.Generic.List`1[System.String]","System.Collections.Generic.List`1[System.Management.Automation.FormatViewDefinition]"
"System.Collections.Generic.List`1[System.String]","System.Collections.Generic.List`1[System.Management.Automation.FormatViewDefinition]"
"System.Collections.Generic.List`1[System.String]","System.Collections.Generic.List`1[System.Management.Automation.FormatViewDefinition]"
"System.Collections.Generic.List`1[System.String]","System.Collections.Generic.List`1[System.Management.Automation.FormatViewDefinition]"
"System.Collections.Generic.List`1[System.String]","System.Collections.Generic.List`1[System.Management.Automation.FormatViewDefinition]"
"System.Collections.Generic.List`1[System.String]","System.Collections.Generic.List`1[System.Management.Automation.FormatViewDefinition]"
"System.Collections.Generic.List`1[System.String]","System.Collections.Generic.List`1[System.Management.Automation.FormatViewDefinition]"
"System.Collections.Generic.List`1[System.String]","System.Collections.Generic.List`1[System.Management.Automation.FormatViewDefinition]"
"System.Collections.Generic.List`1[System.String]","System.Collections.Generic.List`1[System.Management.Automation.FormatViewDefinition]"
"System.Collections.Generic.List`1[System.String]","System.Collections.Generic.List`1[System.Management.Automation.FormatViewDefinition]"
"System.Collections.Generic.List`1[System.String]","System.Collections.Generic.List`1[System.Management.Automation.FormatViewDefinition]"
"System.Collections.Generic.List`1[System.String]","System.Collections.Generic.List`1[System.Management.Automation.FormatViewDefinition]"
"System.Collections.Generic.List`1[System.String]","System.Collections.Generic.List`1[System.Management.Automation.FormatViewDefinition]"
"System.Collections.Generic.List`1[System.String]","System.Collections.Generic.List`1[System.Management.Automation.FormatViewDefinition]"
"System.Collections.Generic.List`1[System.String]","System.Collections.Generic.List`1[System.Management.Automation.FormatViewDefinition]"
"System.Collections.Generic.List`1[System.String]","System.Collections.Generic.List`1[System.Management.Automation.FormatViewDefinition]"
"System.Collections.Generic.List`1[System.String]","System.Collections.Generic.List`1[System.Management.Automation.FormatViewDefinition]"
"System.Collections.Generic.List`1[System.String]","System.Collections.Generic.List`1[System.Management.Automation.FormatViewDefinition]"
"System.Collections.Generic.List`1[System.String]","System.Collections.Generic.List`1[System.Management.Automation.FormatViewDefinition]"
"System.Collections.Generic.List`1[System.String]","System.Collections.Generic.List`1[System.Management.Automation.FormatViewDefinition]"
"System.Collections.Generic.List`1[System.String]","System.Collections.Generic.List`1[System.Management.Automation.FormatViewDefinition]"
"System.Collections.Generic.List`1[System.String]","System.Collections.Generic.List`1[System.Management.Automation.FormatViewDefinition]"
"System.Collections.Generic.List`1[System.String]","System.Collections.Generic.List`1[System.Management.Automation.FormatViewDefinition]"
"System.Collections.Generic.List`1[System.String]","System.Collections.Generic.List`1[System.Management.Automation.FormatViewDefinition]"
"System.Collections.Generic.List`1[System.String]","System.Collections.Generic.List`1[System.Management.Automation.FormatViewDefinition]"
"System.Collections.Generic.List`1[System.String]","System.Collections.Generic.List`1[System.Management.Automation.FormatViewDefinition]"
"System.Collections.Generic.List`1[System.String]","System.Collections.Generic.List`1[System.Management.Automation.FormatViewDefinition]"
"System.Collections.Generic.List`1[System.String]","System.Collections.Generic.List`1[System.Management.Automation.FormatViewDefinition]"
"System.Collections.Generic.List`1[System.String]","System.Collections.Generic.List`1[System.Management.Automation.FormatViewDefinition]"
"System.Collections.Generic.List`1[System.String]","System.Collections.Generic.List`1[System.Management.Automation.FormatViewDefinition]"
"System.Collections.Generic.List`1[System.String]","System.Collections.Generic.List`1[System.Management.Automation.FormatViewDefinition]"
"System.Collections.Generic.List`1[System.String]","System.Collections.Generic.List`1[System.Management.Automation.FormatViewDefinition]"
"System.Collections.Generic.List`1[System.String]","System.Collections.Generic.List`1[System.Management.Automation.FormatViewDefinition]"
"System.Collections.Generic.List`1[System.String]","System.Collections.Generic.List`1[System.Management.Automation.FormatViewDefinition]"
"System.Collections.Generic.List`1[System.String]","System.Collections.Generic.List`1[System.Management.Automation.FormatViewDefinition]"
"System.Collections.Generic.List`1[System.String]","System.Collections.Generic.List`1[System.Management.Automation.FormatViewDefinition]"
"System.Collections.Generic.List`1[System.String]","System.Collections.Generic.List`1[System.Management.Automation.FormatViewDefinition]"
"System.Collections.Generic.List`1[System.String]","System.Collections.Generic.List`1[System.Management.Automation.FormatViewDefinition]"
"System.Collections.Generic.List`1[System.String]","System.Collections.Generic.List`1[System.Management.Automation.FormatViewDefinition]"
"System.Collections.Generic.List`1[System.String]","System.Collections.Generic.List`1[System.Management.Automation.FormatViewDefinition]"
"System.Collections.Generic.List`1[System.String]","System.Collections.Generic.List`1[System.Management.Automation.FormatViewDefinition]"
"System.Collections.Generic.List`1[System.String]","System.Collections.Generic.List`1[System.Management.Automation.FormatViewDefinition]"
"System.Collections.Generic.List`1[System.String]","System.Collections.Generic.List`1[System.Management.Automation.FormatViewDefinition]"
"System.Collections.Generic.List`1[System.String]","System.Collections.Generic.List`1[System.Management.Automation.FormatViewDefinition]"
"System.Collections.Generic.List`1[System.String]","System.Collections.Generic.List`1[System.Management.Automation.FormatViewDefinition]"
"System.Collections.Generic.List`1[System.String]","System.Collections.Generic.List`1[System.Management.Automation.FormatViewDefinition]"
"System.Collections.Generic.List`1[System.String]","System.Collections.Generic.List`1[System.Management.Automation.FormatViewDefinition]"
"System.Collections.Generic.List`1[System.String]","System.Collections.Generic.List`1[System.Management.Automation.FormatViewDefinition]"
"System.Collections.Generic.List`1[System.String]","System.Collections.Generic.List`1[System.Management.Automation.FormatViewDefinition]"
"System.Collections.Generic.List`1[System.String]","System.Collections.Generic.List`1[System.Management.Automation.FormatViewDefinition]"
"System.Collections.Generic.List`1[System.String]","System.Collections.Generic.List`1[System.Management.Automation.FormatViewDefinition]"
"System.Collections.Generic.List`1[System.String]","System.Collections.Generic.List`1[System.Management.Automation.FormatViewDefinition]"
"System.Collections.Generic.List`1[System.String]","System.Collections.Generic.List`1[System.Management.Automation.FormatViewDefinition]"
"System.Collections.Generic.List`1[System.String]","System.Collections.Generic.List`1[System.Management.Automation.FormatViewDefinition]"
"System.Collections.Generic.List`1[System.String]","System.Collections.Generic.List`1[System.Management.Automation.FormatViewDefinition]"
"System.Collections.Generic.List`1[System.String]","System.Collections.Generic.List`1[System.Management.Automation.FormatViewDefinition]"
"System.Collections.Generic.List`1[System.String]","System.Collections.Generic.List`1[System.Management.Automation.FormatViewDefinition]"
"System.Collections.Generic.List`1[System.String]","System.Collections.Generic.List`1[System.Management.Automation.FormatViewDefinition]"
"System.Collections.Generic.List`1[System.String]","System.Collections.Generic.List`1[System.Management.Automation.FormatViewDefinition]"
"System.Collections.Generic.List`1[System.String]","System.Collections.Generic.List`1[System.Management.Automation.FormatViewDefinition]"
"System.Collections.Generic.List`1[System.String]","System.Collections.Generic.List`1[System.Management.Automation.FormatViewDefinition]"
